Workbook

Sheet Training Data
A1: Column Name | B1: Description | C1: Example
A2: pdb_id | B2: The PDB ID on Protein Data Bank | C2: 8xa4
A3: h_chain_id | B3: The chain ID of the antibody's heavy chain | C3: C
A4: l_chain_id | B4: The chain ID of the antibody's light chain | C4: D
A5: antigen_ids | B5: A |-delimited list of chain IDs of the antigen chain(s) | C5: A|B
A6: h_chain_seq | B6: The heavy chain amino acid sequence | C6: QLQLQESGPG…
A7: l_chain_seq | B7: The light chain amino acid sequence | C7: EIVLTQSPGT…
A8: antigen_seqs | B8: The antigen sequence(s), |-delimited | C8: SCNGL...|SCNGL…
A9: antibody_seqs | B9: The heavy and light chain sequences, |-delimited | C9: QLQLQ...|EIVLT…
A10: h_chain_fv_seq | B10: The heavy chain sequence, trimmed to the Fv portion | C10: QLQLQESGPG…
A11: l_chain_fv_seq | B11: The light chain sequence, trimmed to the Fv portion | C11: EIVLTQSPGT…
A12: antibody_fv_seqs | B12: The heavy and light chain Fv sequences, |-delimited | C12: QLQLQ...|EIVLT…
... A14: epitope_residues | B14: The list of epitope residues, |-delimited in a "chain: AA #" format | C14: A:ARG 176|A:ASP 146|A:ASP 150…

Sheet Models
A1: Base Model | B1: Source | C1: Parameters | D1: PEFT Target Modules | E1: Parameters Tuned | F1: Trainable %
A2: Phi-4 | B2: Microsoft | C2: 14.7B | D2: o_proj, qkv_proj | E2: 7372800 | F2: 0.0503
A3: Llama-3.1-8B-Instruct | B3: Meta | C3: 8.03B | D3: q_proj, v_proj, k_proj, o_proj | E3: 2097152 | F3: 0.0261
A4: Mistral-7B-Instruct-v0.2 | B4: Mistral | C4: 7.24B | D4: o_proj, qkv_proj | E4: 13631488 | F4: 0.001879
A5: Dayhoff-3b-UR90 | B5: Microsoft | C5: 2.98B | D5: All Linear | E5: 0 | F5: 0

Sheet VDW_Hits - ESM3
A1: Antigen | B1: Peleke Fine-Tuned Model
B2: llama-3.1-8b-instruct | C2: mistral-7b-instruct-v0.2 | D2: phi-4
A3: BBF-14 | B3: =_xlfn.CONCAT(ROUND('VDW_Hits - ESM3 (RAW)'!B2, 2),"% (", ROUND('VDW_Hits - ESM3 (RAW)'!E2,2), ")") -> 22.73% (63.34) | C3: =_xlfn.CONCAT(ROUND('VDW_Hits - ESM3 (RAW)'!C2, 2),"% (", ROUND('VDW_Hits - ESM3 (RAW)'!F2,2), ")") -> 15% (106.84) | D3: =_xlfn.CONCAT(ROUND('VDW_Hits - ESM3 (RAW)'!D2, 2),"% (", ROUND('VDW_Hits - ESM3 (RAW)'!G2,2), ")") -> 18.42% (49.88)
A4: BHRF1 | B4: =_xlfn.CONCAT(ROUND('VDW_Hits - ESM3 (RAW)'!B3, 2),"% (", ROUND('VDW_Hits - ESM3 (RAW)'!E3,2), ")") -> 2.63% (218.86) | C4: =_xlfn.CONCAT(ROUND('VDW_Hits - ESM3 (RAW)'!C3, 2),"% (", ROUND('VDW_Hits - ESM3 (RAW)'!F3,2), ")") -> 10.81% (289.61) | D4: =_xlfn.CONCAT(ROUND('VDW_Hits - ESM3 (RAW)'!D3, 2),"% (", ROUND('VDW_Hits - ESM3 (RAW)'!G3,2), ")") -> 9.3% (131.62)
A5: EGFR | B5: =_xlfn.CONCAT(ROUND('VDW_Hits - ESM3 (RAW)'!B4, 2),"% (", ROUND('VDW_Hits - ESM3 (RAW)'!E4,2), ")") -> 20% (101.64) | C5: =_xlfn.CONCAT(ROUND('VDW_Hits - ESM3 (RAW)'!C4, 2),"% (", ROUND('VDW_Hits - ESM3 (RAW)'!F4,2), ")") -> 23.26% (24.66) | D5: =_xlfn.CONCAT(ROUND('VDW_Hits - ESM3 (RAW)'!D4, 2),"% (", ROUND('VDW_Hits - ESM3 (RAW)'!G4,2), ")") -> 20% (163.88)
A6: IL-7Ra | B6: =_xlfn.CONCAT(ROUND('VDW_Hits - ESM3 (RAW)'!B5, 2),"% (", ROUND('VDW_Hits - ESM3 (RAW)'!E5,2), ")") -> 36.17% (-3.46) | C6: =_xlfn.CONCAT(ROUND('VDW_Hits - ESM3 (RAW)'!C5, 2),"% (", ROUND('VDW_Hits - ESM3 (RAW)'!F5,2), ")") -> 46.81% (-10.11) | D6: =_xlfn.CONCAT(ROUND('VDW_Hits - ESM3 (RAW)'!D5, 2),"% (", ROUND('VDW_Hits - ESM3 (RAW)'!G5,2), ")") -> 31.91% (13.64)
A7: MBP | B7: =_xlfn.CONCAT(ROUND('VDW_Hits - ESM3 (RAW)'!B6, 2),"% (", ROUND('VDW_Hits - ESM3 (RAW)'!E6,2), ")") -> 67.39% (-52.56) | C7: =_xlfn.CONCAT(ROUND('VDW_Hits - ESM3 (RAW)'!C6, 2),"% (", ROUND('VDW_Hits - ESM3 (RAW)'!F6,2), ")") -> 57.78% (-52.52) | D7: =_xlfn.CONCAT(ROUND('VDW_Hits - ESM3 (RAW)'!D6, 2),"% (", ROUND('VDW_Hits - ESM3 (RAW)'!G6,2), ")") -> 69.39% (-57.98)
A8: PD-1 | B8: =_xlfn.CONCAT(ROUND('VDW_Hits - ESM3 (RAW)'!B7, 2),"% (", ROUND('VDW_Hits - ESM3 (RAW)'!E7,2), ")") -> 73.47% (-66.72) | C8: =_xlfn.CONCAT(ROUND('VDW_Hits - ESM3 (RAW)'!C7, 2),"% (", ROUND('VDW_Hits - ESM3 (RAW)'!F7,2), ")") -> 79.59% (-82.51) | D8: =_xlfn.CONCAT(ROUND('VDW_Hits - ESM3 (RAW)'!D7, 2),"% (", ROUND('VDW_Hits - ESM3 (RAW)'!G7,2), ")") -> 76.6% (-70.12)
A9: PD-L1 | B9: =_xlfn.CONCAT(ROUND('VDW_Hits - ESM3 (RAW)'!B8, 2),"% (", ROUND('VDW_Hits - ESM3 (RAW)'!E8,2), ")") -> 79.59% (-71.53) | C9: =_xlfn.CONCAT(ROUND('VDW_Hits - ESM3 (RAW)'!C8, 2),"% (", ROUND('VDW_Hits - ESM3 (RAW)'!F8,2), ")") -> 70.83% (-62.52) | D9: =_xlfn.CONCAT(ROUND('VDW_Hits - ESM3 (RAW)'!D8, 2),"% (", ROUND('VDW_Hits - ESM3 (RAW)'!G8,2), ")") -> 72.92% (-73.38)

Sheet VDW_Hits - ESM3 (RAW)
A1: antigen_id | B1: percentage_hits_peleke-llama-3.1-8b-instruct | C1: percentage_hits_peleke-mistral-7b-instruct-v0.2 | D1: percentage_hits_peleke-phi-4 | E1: median_score_peleke-llama-3.1-8b-instruct | F1: median_score_peleke-mistral-7b-instruct-v0.2 | G1: median_score_peleke-phi-4
A2: BBF-14 | B2: 22.727273 | C2: 15 | D2: 18.421053 | E2: 63.34315 | F2: 106.839 | G2: 49.88155
A3: BHRF1 | B3: 2.631579 | C3: 10.81081 | D3: 9.302326 | E3: 218.856 | F3: 289.614 | G3: 131.616
A4: EGFR | B4: 20 | C4: 23.25581 | D4: 20 | E4: 101.6448 | F4: 24.6556 | G4: 163.881
A5: IL-7Ra | B5: 36.170213 | C5: 46.80851 | D5: 31.914894 | E5: -3.45578 | F5: -10.1108 | G5: 13.6427
A6: MBP | B6: 67.391304 | C6: 57.77778 | D6: 69.387755 | E6: -52.55905 | F6: -52.5194 | G6: -57.9815
A7: PD-1 | B7: 73.469388 | C7: 79.59184 | D7: 76.595745 | E7: -66.7195 | F7: -82.5138 | G7: -70.1239
A8: PD-L1 | B8: 79.591837 | C8: 70.83333 | D8: 72.916667 | E8: -71.5344 | F8: -62.51555 | G8: -73.37965

Sheet VDW Hits - Boltz-2
A1: Antigen | B1: Peleke Fine-Tuned Model
B2: llama-3.1-8b-instruct | C2: mistral-7b-instruct-v0.2 | D2: phi-4
A3: BBF-14 | B3: =_xlfn.CONCAT(ROUND('VDW Hits - Boltz-2 (RAW)'!B2,2), "% (",ROUND('VDW Hits - Boltz-2 (RAW)'!E2,2),")") -> 69.39% (-38.89) | C3: =_xlfn.CONCAT(ROUND('VDW Hits - Boltz-2 (RAW)'!C2,2), "% (",ROUND('VDW Hits - Boltz-2 (RAW)'!F2,2),")") -> 73.47% (-40.71) | D3: =_xlfn.CONCAT(ROUND('VDW Hits - Boltz-2 (RAW)'!D2,2), "% (",ROUND('VDW Hits - Boltz-2 (RAW)'!G2,2),")") -> 71.43% (-45.84)
A4: BHRF1 | B4: =_xlfn.CONCAT(ROUND('VDW Hits - Boltz-2 (RAW)'!B3,2), "% (",ROUND('VDW Hits - Boltz-2 (RAW)'!E3,2),")") -> 72% (-46.28) | C4: =_xlfn.CONCAT(ROUND('VDW Hits - Boltz-2 (RAW)'!C3,2), "% (",ROUND('VDW Hits - Boltz-2 (RAW)'!F3,2),")") -> 80% (-44.62) | D4: =_xlfn.CONCAT(ROUND('VDW Hits - Boltz-2 (RAW)'!D3,2), "% (",ROUND('VDW Hits - Boltz-2 (RAW)'!G3,2),")") -> 70% (-36.11)
A5: EGFR | B5: =_xlfn.CONCAT(ROUND('VDW Hits - Boltz-2 (RAW)'!B4,2), "% (",ROUND('VDW Hits - Boltz-2 (RAW)'!E4,2),")") -> 50% (-29.85) | C5: =_xlfn.CONCAT(ROUND('VDW Hits - Boltz-2 (RAW)'!C4,2), "% (",ROUND('VDW Hits - Boltz-2 (RAW)'!F4,2),")") -> 43.48% (-27.75) | D5: =_xlfn.CONCAT(ROUND('VDW Hits - Boltz-2 (RAW)'!D4,2), "% (",ROUND('VDW Hits - Boltz-2 (RAW)'!G4,2),")") -> 24.44% (-15.89)
A6: IL-7Ra | B6: =_xlfn.CONCAT(ROUND('VDW Hits - Boltz-2 (RAW)'!B5,2), "% (",ROUND('VDW Hits - Boltz-2 (RAW)'!E5,2),")") -> 71.43% (-46.02) | C6: =_xlfn.CONCAT(ROUND('VDW Hits - Boltz-2 (RAW)'!C5,2), "% (",ROUND('VDW Hits - Boltz-2 (RAW)'!F5,2),")") -> 87.76% (-49.1) | D6: =_xlfn.CONCAT(ROUND('VDW Hits - Boltz-2 (RAW)'!D5,2), "% (",ROUND('VDW Hits - Boltz-2 (RAW)'!G5,2),")") -> 81.25% (-47.44)
A7: MBP | B7: =_xlfn.CONCAT(ROUND('VDW Hits - Boltz-2 (RAW)'!B6,2), "% (",ROUND('VDW Hits - Boltz-2 (RAW)'!E6,2),")") -> 76.09% (-44.36) | C7: =_xlfn.CONCAT(ROUND('VDW Hits - Boltz-2 (RAW)'!C6,2), "% (",ROUND('VDW Hits - Boltz-2 (RAW)'!F6,2),")") -> 80% (-41.13) | D7: =_xlfn.CONCAT(ROUND('VDW Hits - Boltz-2 (RAW)'!D6,2), "% (",ROUND('VDW Hits - Boltz-2 (RAW)'!G6,2),")") -> 73.47% (-50.75)
A8: PD-1 | B8: =_xlfn.CONCAT(ROUND('VDW Hits - Boltz-2 (RAW)'!B7,2), "% (",ROUND('VDW Hits - Boltz-2 (RAW)'!E7,2),")") -> 76% (-41.37) | C8: =_xlfn.CONCAT(ROUND('VDW Hits - Boltz-2 (RAW)'!C7,2), "% (",ROUND('VDW Hits - Boltz-2 (RAW)'!F7,2),")") -> 74% (-39.6) | D8: =_xlfn.CONCAT(ROUND('VDW Hits - Boltz-2 (RAW)'!D7,2), "% (",ROUND('VDW Hits - Boltz-2 (RAW)'!G7,2),")") -> 84% (-40.74)
A9: PD-L1 | B9: =_xlfn.CONCAT(ROUND('VDW Hits - Boltz-2 (RAW)'!B8,2), "% (",ROUND('VDW Hits - Boltz-2 (RAW)'!E8,2),")") -> 80% (-46.02) | C9: =_xlfn.CONCAT(ROUND('VDW Hits - Boltz-2 (RAW)'!C8,2), "% (",ROUND('VDW Hits - Boltz-2 (RAW)'!F8,2),")") -> 82% (-45.27) | D9: =_xlfn.CONCAT(ROUND('VDW Hits - Boltz-2 (RAW)'!D8,2), "% (",ROUND('VDW Hits - Boltz-2 (RAW)'!G8,2),")") -> 73.47% (-45.73)

Sheet VDW Hits - Boltz-2 (RAW)
A1: antigen_id | B1: percentage_hits_peleke-llama-3.1-8b-instruct | C1: percentage_hits_peleke-mistral-7b-instruct-v0.2 | D1: percentage_hits_peleke-phi-4 | E1: median_score_peleke-llama-3.1-8b-instruct | F1: median_score_peleke-mistral-7b-instruct-v0.2 | G1: median_score_peleke-phi-4
A2: BBF-14 | B2: 69.38776 | C2: 73.46939 | D2: 71.42857 | E2: -38.8866 | F2: -40.7075 | G2: -45.8429
A3: BHRF1 | B3: 72 | C3: 80 | D3: 70 | E3: -46.2775 | F3: -44.6205 | G3: -36.11295
A4: EGFR | B4: 50 | C4: 43.47826 | D4: 24.44444 | E4: -29.8504 | F4: -27.75135 | G4: -15.8887
A5: IL-7Ra | B5: 71.42857 | C5: 87.7551 | D5: 81.25 | E5: -46.0182 | F5: -49.0984 | G5: -47.43585
A6: MBP | B6: 76.08696 | C6: 80 | D6: 73.46939 | E6: -44.36025 | F6: -41.13025 | G6: -50.7539
A7: PD-1 | B7: 76 | C7: 74 | D7: 84 | E7: -41.36605 | F7: -39.60005 | G7: -40.74165
A8: PD-L1 | B8: 80 | C8: 82 | D8: 73.46939 | E8: -46.01725 | F8: -45.2689 | G8: -45.7335
