Workbook

Sheet test_cases
A1: antigen_id | B1: pdb_id | C1: source | D1: antigen_source | E1: antigen_name | F1: antigen_ids | G1: antigen_seqs | H1: highlighted_epitope_seqs
A2: BHRF1 | B2: 2wh6 | C2: https://www.rcsb.org/structure/2WH6 | D2: virus | E2: Epstein-Barr virus strain ag876 BHRF1 | F2: A | G2: MGSHHHHHHSQDPMAYSTREILLALCIRDSRVHGNGTLHPVLELAARETPLRLSPEDTVVLRYHVLLEEIIERNSETFTETWNRFITHTEHVDLDFNSVFLEIFHRGDPSLGRALAWMAWCMHACRTLCCNQSTPYYVVDLSVRGMLEASEGLDGWIHQQGGWSTLIEDNIPG | H2: AYSTREILLALCIRDSRVHGNGTLHPVLELAARETPLRLSPEDTVVLRYHVLLEE[I]IE[R][N]SE[T][F]TE[T]WN[R][F]IT[H][T]EHVDL[D]FN[S][V]FL[E][I]FH[R]GDP[S][L][G][R]A[L][A][W]MA[W]CMHACRTLCCNQSTPYYVVDLSVRGMLEASEGLDGWIHQQGGWSTLIEDN[I]|DMRPEIWIAQELRRIGDEFNAY
A3: EGFR | B3: 8hgo | C3: https://www.rcsb.org/structure/8HGO | D3: human | E3: EGFR/HER2 ectodomain | F3: B | G3: MELAALCRWGLLLALLPPGAASTQVCTGTDMKLRLPASPETHLDMLRHLYQGCQVVQGNLELTYLPTNASLSFLQDIQEVQGYVLIAHNQVRQVPLQRLRIVRGTQLFEDNYALAVLDNGDPLNNTTPVTGASPGGLRELQLRSLTEILKGGVLIQRNPQLCYQDTILWKDIFHKNNQLALTLIDTNRSRACHPCSPMCKGSRCWGESSEDCQSLTRTVCAGGCARCKGPLPTDCCHEQCAAGCTGPKHSDCLACLHFNHSGICELHCPALVTYNTDTFESMPNPEGRYTFGASCVTACPYNYLSTDVGSCTLVCPLHNQEVTAEDGTQRCEKCSKPCARVCYGLGMEHLREVRAVTSANIQEFAGCKKIFGSLAFLPESFDGDPASNTAPLQPEQLQVFETLEEITGYLYISAWPDSLPDLSVFQNLQVIRGRILHNGAYSLTLQGLGISWLGLRSLRELGSGLALIHHNTHLCFVHTVPWDQLFRNPHQALLHTANRPEDECVGEGLACHQLCARGHCWGPGPTQCVNCSQFLRGQECVEECRVLQGLPREYVNARHCLPCHPECQPQNGSVTCFGPEADQCVACAHYKDPPFCVARCPSGVKPDLSYMPIWKFPDEEGACQPCPINCTHSCVDLDDKGCPAEQRASPLTSIISAVVGILLVVVLGVVFGILIKRRQQKIRKYTMRRLLQEGGSENLYFQGGGSAQLEKELQALEKENAQLEWELQALEKELAQSNSLEVLFQ | H3: QVCTGTDMKLRLPASPETHLDMLRHLYQGCQVVQGNLELTYLPTNASLSFLQDIQEVQGYVLIAHNQVRQVPLQRLRIVRGTQLFEDNYALAVLDNGPGGLRELQLRSLTEILKGGVLIQRNPQLCYQDTILWKDIFHKNNQLALTLIDTNRSRACHPCSPMCKGSRCWGESSEDCQSLTRTVCA[G][G][C]ARCKGPL[P][T][D][C][C][H][E]QCAAGCTG[P][K][H]SDCLACLHFNHSGICEL[H]CPAL[V]T[Y]N[T][D][T][F][E][S]MPNPEGRYTFGASCVTACPYNYLST[D][V]GSCTLVC[P][L]HNQEVTAEDGTQRC[E][K]CSKPCARVCYGLGM[E]HLREVRAVTSANIQEFAGCKKIFGSLAFLPESFDGDPASNTAPLQPEQLQVFETLEEITGYLYISAWPDSLPDLSVFQNLQVIRGRILHNGAYSLTLQGLGISWLGLRSLRELGSGLALIHHNTHLCFVHTVPWDQLFRNPHQALLHTANRPEDECVGEGLACHQLCARGHCWGPGPTQCVNCSQFLRGQECVEECRVLQGLPREYVNARHCLPCHPECQPQNGSVTCFGPEADQCVACAHYKDPPFCVAR
A4: IL-7Ra | B4: 3di3 | C4: https://www.rcsb.org/structure/3DI3 | D4: human | E4: glycosylated human interleukin-7 receptor alpha ectodomain | F4: A | G4: MGDCDIEGKDGKQYESVLMVSIDQLLDSMKEIGSNCLNNEFNFFKRHICDANKEGMFLFRAARKLRQFLKMNSTGDFDLHLLKVSEGTTILLNCTGQVKGRKPAALGAAQPTKSLEENKSLKEQKKLNDLCFLKRLLQEIKTCWNKILMGTKEH | H4: KDG[K][Q]YE[S][V][L]M[V]SID[Q]LLDSMKEIGSNCLNNEFNFFKRHICDANKEGMFLFRAARKLRQFLKMNS[T]G[D]FD[L]HL[L][K]VS[E][G]TT[I]LLNCTGQVKGQKKLNDLCFLKRLLQEIKTCWNKILM
A5: MBP | B5: 1peb (1nl5) | C5: https://www.rcsb.org/structure/1PEB | D5: bacteria | E5: maltose | F5: A | G5: KIEEGKLVIWINGDKGYNGLAEVGKKFEKDTGIKVTVEHPDKLEEKFPQVAATGDGPDIIFWAHDRFGGYAQSGLLAEITPDKAFQDKLYPFTWDAVRYNGKLIAYPIAVEALSLIYNKDLLPNPPKTWEEIPALDKELKAKGKSALMFNLQEPYFTWPLIAADGGYAFKYGDIKDVGVDNAGAKAGLTFLVDLIKNKHMNADTDYSIAEAAFNKGETAMTINGPWAWSNIDTSKVNYGVTVLPTFKGQPSKPFVGVLSAGINAASPNKELAKEFLENYLLTDEGLEAVNKDKPLGAVALKSYEEELAKDPRIAATAENAAKGEIMPNIPQMSAFWYAVRTAVINAASGRQTVDEALKDAQTRITK | H5: KIEEGKLVIWING[D][K]GYNGLAEVGKKFEKDTGIKVTVEHPDKLEEKFPQVAATGDGPDIIF[W]AH[D][R]FGGYAQSGLLAEITPDKAFQDKLYPFTWDAVRYNGKLIAYPIAV[E]ALSLIYNKDLLPNPPKTWEEIPALDKELKAKGKSALMFNLQEP[Y]FTWPLIAADGGYAFKYGDIKDVGVDNAGAKAGLTFLVDLIKNKHMNADTDYSIAEAAFNKGETAMTINGPWAWSNIDTSKVNYGVTVLPTFKGQPSKPFVGVLSAGINAASPNKELAKEFLENYLLTDEGLEAVNKDKPLGAVALKSYEEELAKDPRIAATAENAAKGEIMPNIPQMSAFWYAV[R]TAVINAASGRQTVDEALKDAQTRITK
A6: PD-L1 | B6: 4z18 | C6: https://www.rcsb.org/structure/4Z18 | D6: human | E6: programmed cell death ligand 1 | F6: A | G6: MFTVTVPKDLYVVEYGSNMTIECKFPVEKQLDLAALIVYWEMEDKNIIQFVHGEEDLKVQHSSYRQRARLLKDQLSLGNAALQITDVKLQDAGVYRCMISYGGADYKRITVKVNAPYNKINQRILVVDPVTSEHELTCQAEGYPKAEVIWTSSDHQVLSGKTTTTNSKREEKLFNVTSTLRINTTTNEIFYCTFRRLDPEENHTAELVIPELPLAHPPNERT | H6: [M]F[T]V[T]VPKDLYVVEYGSNMTIECKF[P][V]EKQLDLAALIVYWEMEDKNIIQFVHGEEDLKVQHSSYRQRARLLKDQLS[L]GNAALQITDVKLQDAGVYRCMISYGGADYKRITVKVNAPY[N][K][I][N][Q][R][I][L]VVDPVTSEHEL[T]C[Q]AEGYPKAEVIWTSSDHQVLSGKTTTTNS[K][R]EEKLFNV[T]STLRINTTTNEIFYCTFRRLDPEENHTAELVIP
A7: BBF-14 | B7: 9hag (9hac) | C7: https://www.rcsb.org/structure/9HAG | D7: synthetic | E7: De novo designed beta barrel fold BBF-14 | F7: A | G7: MGTPLWALLGGPWRGTATYEDGTKVTLDYRYTRVSPDRLRADVTYTTPDGTTLEATVDLWKDANGVIRYHATYPDGTSADGTLTQLDADTLLATGTYDDGTKYTVTLTRVAPGSGWHHHHHH | H7: MGTPLWALLGGPWRGTATY[E][D]GTKVTLDYRYTRVSPDRLRADVTYTTPDGTTLEATVDLWKDA[N]G[V]I[R]YHATYPDGTSADG[T]L[T]Q[L]DADTL[L]A[T]GTYDDGTKYTVTLTRVAPGSGWHHH[H]H[H]
A8: PD-1 | B8: 5jxe | C8: https://www.rcsb.org/structure/5JXE | D8: human | E8: Programmed cell death protein 1 | F8: A | G8: NPPTFSPALLVVTEGDNATFTCSFSNTSESFVLNWYRMSPSNQTDKLAAFPEDRSQPGQDSRFRVTQLPNGRDFHMSVVRARRNDSGTYLCGAISLAPKAQIKESLRAELRVTE | H8: NPPTFSPALLVVTEGDNATFTCSFS[S][F][V]L[N]WYRMQ[T][D][K]LAAF[P]E[D][R][S][Q][P][G]QDSRFRVTQLPNGRDFHMSVVRARRNDSGTYLCGA[I]S[L]AQIKESLRAELRV

Sheet model_archive_examples
A1: pdb_id | B1: source | C1: Antigen type | D1: Antigen source | E1: Antigen name | F1: antigen_ids | G1: antigen_seqs | H1: highlighted_epitope_sequences
A2: ma-ccy4e | B2: https://www.modelarchive.org/doi/10.5452/ma-ccy4e | C2: protein | D2: human | E2: lysozyme | F2: Y | G2: KVFGRCELAAAMKRHGLDNYRGYSLGNWVCAAKFESNFNTQATNRNTDGSTDYGILQINSRWWCNDGRTPGSRNLCNIPCSALLSSDITASVNCAKKIVSDGNGMNAWVAWRNRCKGTDVQAWIRGCRL | H2: KVFGRCELAAAM[K][R]HGL[D][N][Y]RG[Y][S]LG[N]WVCAAKFESNFNTQATNRNTDGSTDYGILQINSRWWCNDGRTPGSRNLCNIPCSALLSSDITASVNCA[K]KIVSDGNGMNAWVAWRNRCK[G][T][D]V[Q]AW[I][R]GCRL
A3: ma-dpr9i (7u2e) | B3: https://www.modelarchive.org/doi/10.5452/ma-dpr9i | C3: protein | D3: virus | E3: SARS-CoV-2 receptor binding domain | F3: A | G3: NLCPFHEVFNATTFASVYAWNRKRISNCVADYSVIYNFAPFFAFKCYGVSPTKLNDLCFTNVYADSFVIRGNEVSQIAPGQTGNIADYNYKLPDDFTGCVIAWNSNKLDSKPSGNYNYLYRLLRKSKLKPFERDISTEIYQAGNKPCNGVAGPNCYSPLQSYGFRPTYGVGHQPYRVVVLSFELLHAPATVCGP | H3: NLCPFHEVFNATTFASVYAWNRKRISNCVADYSVIYNFAPFFAFKCYGVSPTKLNDLCFTNVYADSFVI[R]G[N]EV[S][Q]IAPGQ[T]GNIADYNYKLPDDFTGCVIAWNSN[K]LDSKPSGNYNYLYRLLRKSKLKPFERDISTEIYQAGNKPCNGVAGPNCYSPLQSYGF[R]P[T][Y][G][V]GH[Q]PYRVVVLSFELLHAPATVCGP
A4: ma-c7d6n (1HFM) | B4: https://www.modelarchive.org/doi/10.5452/ma-c7d6n | C4: protein | D4: human | E4: HY/HEL-10 FAB-LYSOZYME
A5: ma-cjnxd (1OSO) | B5: https://www.modelarchive.org/doi/10.5452/ma-cjnxd | C5: Not sure, here is pupmed link to article:https://pubmed.ncbi.nlm.nih.gov/12818205/ | D5: bacteria
A6: ma-cdl3l (2EXP) | B6: https://www.modelarchive.org/doi/10.5452/ma-cdl3l | C6: protein(peptide) | D6: human | E6: EGFR peptide
A7: ma-cru5u (1EM4) | B7: https://www.modelarchive.org/doi/10.5452/ma-cru5u | C7: polycylic aromatic hydrocarbon(pah) | D7: environmental | E7: Benzo[A]pyrene
A8: ma-ci9yk (1ATM) | B8: https://www.modelarchive.org/doi/10.5452/ma-ci9yk | C8: glycoprotein | D8: human | E8: Ley tetrasaccharide
A9: ma-c8s4s(1IIF) | B9: https://www.modelarchive.org/doi/10.5452/ma-c8s4s | C9: protein | D9: virus | E9: p24
A10: ma-1dqrd | B10: https://www.modelarchive.org/doi/10.5452/ma-1dqrd | C10: protein | D10: virus | E10: glycoprotein

Sheet generated_seqs
A1: antigen_id | B1: model | C1: seq_id | D1: h_chain | E1: l_chain
A2: BHRF1 | B2: peleke-phi-4 | C2: peleke-phi-4_BHRF1_01 | D2: QVQLVQSGAEVKKPGSSVKVSCKASGGTFNTGISWVRQAPGQGLEWMGGIIPIFTGKYAQKFQGRVTITADESTTTAYMELSSLRSEDTAVYYCARGGDYGDYWGQGTTVTVSS | E2: DIVLTQSPATLSVTPGDSVSLSCRASQTISKNNLHWYQQKSHESPRLLIKYASQSISGIPSRFSGSGSGTDFTLSINSVETEDFGMYFCQQSNSWPYTFGGGTKLEIK
A3: BHRF1 | B3: peleke-phi-4 | C3: peleke-phi-4_BHRF1_02 | D3: EVQLEESGGGLVQPGGSLRLSCAASGFNVVDFSLHWVRQAPGKGLEWVARIYDGGNKYYADSVKGRFTISADTSKNTAYLQMNSLRAEDTAVYYCARVWYPYDSSGYALDYWGQGTLVTVSS | E3: DIQMTQTTSSLSASLGDRVTISCRASQDISNYLNWYQQKPDGTVKLLIYYTSRLHSGVPSRFSGSGSGTDYSLTISNLEQEDIATYFCQQGNTLPPTFGGGTKLEI
A4: BHRF1 | B4: peleke-phi-4 | C4: peleke-phi-4_BHRF1_03 | D4: QVQLQESGPGLVKPSQTLSLTCTVSGGSISSSYWSWIRQPPGKGLEWIGYIYYSGSTNYNPSLKSRVTISVDTSKNQFSLNLTAADTAVYYCARGLGVRWLDYWGQGTLVTVSS | E4: DIVMTQSPLSLPVTLGQPASISCRSSQNGNTYLHWYQQKPGQSPRLLIYQASTRIPGIPARFSGSGSGTDFTLSINSVETEDFGMYFCQQSNSWPYTFGGGTKLEIK
A5: BHRF1 | B5: peleke-phi-4 | C5: peleke-phi-4_BHRF1_04 | D5: SVEESGGRLVTPGTPLTLTCTVSGFSLSTSGVHWIRQAPGKGLEWLIAIWDKDNTYYALAWKSSWSSTRTTLTADGVRTTLDLTADTATFYCARGGSSFYDPWGQGTLVTVSS | E5: QAVLTQSSSASFSLGQSVTISCTGTSNIGAGYTYVSWYQQHPGKAPKLMIYEVNKRPSGVSNRFSGSKSGDTASLTISGLQADDEADYYCAGSYSTYVVFGGGTKLTVL
A6: BHRF1 | B6: peleke-phi-4 | C6: peleke-phi-4_BHRF1_05 | D6: EVQLVESGGGLVQPGGSLRLSCAASGFTFSDTYIHWVRQAPGKGLEWVSYINGYDGSYPYADSVKGRFTISADTSKNTAYLQMNSLRAEDTAVYYCARGGSRGYYGDFDYWGQGTLVTVSS | E6: DIQMTQSPASLSASVGDRVTITCRASQSVSSAVAWYQQKPGKAPKLLIYSASSLYSGVPSRFSGSRSGTDFTLTISSLQPEDFATYYCQQAYRYPITFGQGTKVEIK
A7: BHRF1 | B7: peleke-phi-4 | C7: peleke-phi-4_BHRF1_06 | D7: VQLVQSGAEVKKPGASVKVSCKTSGYTFTGYYMHWVRQAPGQGLEWMGIINPRGSGTAYAQKFRGRVTMTRDTSINTAYMELSSLRSEDTAVYYCARGGLPYYGHWGQRVTVSS | E7: DIQMTQSPSSLSASVGDRVTITCRASQGIRKYLNWYQQKPGKAPKLLIYAASSLLSGVPSRFSGSGSGTDFTLTISSLQPEDFATYYCQQYIYPITFGQGTKVEIK
A8: BHRF1 | B8: peleke-phi-4 | C8: peleke-phi-4_BHRF1_07 | D8: VQLVQSGAEVKRPGSSVKVSCKTSGYRFTSYYWIGWVRQMPGQGLEWMGIIPIAGGTNYAQKFQGKVTMTSDTSTNTAYMELSRLRSDDTAVYYCARHYYDYYGLDYWGQGTLVTVSS | E8: DIVLTQSPSSLSASVGDRVTITCQASQDISNYLNWYQQKPGKAPKLLIYAASSLQSGVPSRFSGSGSGTDFTLTISSLQPEDFATYYCQQSYSTPRTFGQGTRLEIK
A9: BHRF1 | B9: peleke-phi-4 | C9: peleke-phi-4_BHRF1_08 | D9: QVQLQQSGAELVKPGASVKLSCTASGFNIKDTYVHWVKQRPEQGLEWIGRIDPANGNTKYAPKFQDKATITADTSSNTAYLQLSSLTSEDTAVYYCARRSGYYGDYWGQGTSVTVSS | E9: DIQMTQSPSSLSASVGDRVTITCRASQGIRNDLGWYQQKPGKAPKLLIYAASSLQSGVPSRFSGSGSGTDFTLTISSLQPEDFATYYCQQSYSTPRFGGGTKVEIK
A10: BHRF1 | B10: peleke-phi-4 | C10: peleke-phi-4_BHRF1_09 | D10: QVQLVQSGAEVRKPGASVKVSCKASGYTFSDYGITWVRQAPGQGLEWMGWISDNTDNYAQRFQGRVTMTRDTSTSTVYMELSSLRSDDTAVYYCARDVVVSVWVFFDYWGQGTLVTVSS | E10: EIVLTQSPGTLSLSPGERATLSCRASQSVSSSYLAWYQQKPGQAPRLLIYGASSRATGIPDRFSGSGSGTDFTLTISRLEPEDFAVYYCQQYGTSPFTFGPGTKV
A11: BHRF1 | B11: peleke-phi-4 | C11: peleke-phi-4_BHRF1_10 | D11: EVQLVESGGGLVQPGGSLRLSCAASGFNVSYSSIHWVRQAPGKGLEWVASIYSYSGYTSYADSVKGRFTISADTSKNTAYLQMNSLRAEDTAVYYCARSYWYYYGWFDPWGQGTLVTVSS | E11: DIQMTQSPSSLSASVGDRVTITCRASQSVSSAVAWYQQKPGKAPKLLIYSASSLYSGVPSRFSGSRSGTDFTLTISSLQPEDFATYYCQQYSSYPLTFGQGTKVEIK
A12: BHRF1 | B12: peleke-phi-4 | C12: peleke-phi-4_BHRF1_11 | D12: VQLVQSGAEVKKPGASVKVSCKASGYTFTGYYMHWVRQAPGQGLEWMGRINPNSGGTNYAQSFQGRVTMTRDTSISTAYMELSRLRSDDTAVYYCARLGGDYFDYWGQGTLVTVSS | E12: EIVLTQSPATLSLSPGERATLSCRASQSVSSYLAWYQQKPGQAPRLLIYDASNRATGIPARFSGSGSGTDFTLTISSLEPEDFAVYYCQQRSNWPLTFGGGTKVEIK
... A1051: PD-1 | B1051: peleke-mistral-7b-instruct-v0.2 | C1051: peleke-mistral-7b-instruct-v0.2_PD-1_50 | D1051: VQLQQSGPGLVKPSQTLSLTCAISGDSVSSDYYWWIRQQPPGKGLEWIGYISYYSGSTNYNPSLKSRVTMSVDTSKNQFSLKLSSVTAADTAVYYCARVSYYGYGYWYFDVWGKGTTVTVSS | E1051: EIVMTQSPSSLSASVGDRVTITCRASQGISSDLAWYQQKPGKAPKLLIYAASNLQSGVPSRFSGSGSGTDFTLTISSLQPEDFATYYCQQLNSYPFTFGPGTKVDIK

Sheet generated_seqs_pretests
A1: antigen_id | B1: model | C1: seq_id | D1: h_chain | E1: l_chain
A2: ma-ccy4e | B2: peleke-phi-4 | C2: peleke-phi4_ma-ccy4e_01 | D2: QVQLQQPGAELVKPGASVKMSCKASGYTFTSYWMHWIKQRPGQGLEWIGEIDPSDSYTNYNEKFHKATLTVDKSSSTAYMQLNSLTSEDSAVYYCARDFDYWGQGTTLTVSS | E2: DIVMTQSPLSLPVTPGEPASISCRSSQSLLHSNGYNYLDWYLQKPGQSPQLLIYLGSNRASGVPDRFSGSGSGTDFTLKISRVEAEDVGVYYCMQALQTPLYTFGGGTKLEIK
A3: ma-ccy4e | B3: peleke-phi-4 | C3: peleke-phi4_ma-ccy4e_02 | D3: VQLLESGAEVKKPGASVKVSCKASGYTFISYYMNWVRQAPGQRLEWMGWIKGGVTNEKARNPKFIQGSRTTYADTAVYMELSSLRYEDSATLTVRDSSRTAYMQKFPLAPWGQGTLLT | E3: DIVLTQSPDSLAVSLGERATINCKSSQNNKNYLAWYQQKPGQPPKVLIYWASTRESGVPDRFSGSGSGTDFTLTISSLQAEDVAVYYCHQYNSFPPTFGAGTKLELK
A4: ma-ccy4e | B4: peleke-phi-4 | C4: peleke-phi4_ma-ccy4e_03 | D4: EVQLVESGGGLVKPGGSLKLSCAASGFAFTSYDMSWVRQTPEKRLEWVAYISSGGGSTYYPDTVKGRFTISRDNAKNTLYLQMSSLKSEDTAMYYCARPDYYYGDYFDYWGQGTTLTVSS | E4: DIVMTQSPLSLPVTLGQPASISCRSSQDGNTFLHWYQQKPDGTVLLIINYNNIRDSGVPDRFSGSGSGTDFTLKISRVEAEDVGVYYCMQALQTPRTFGQGTKVEIK
A5: ma-dpr9i | B5: peleke-phi-4 | C5: peleke-phi4_ma-dpr9i_01 | D5: QVQLVESGGGVVQPGRSLRLSCAASGFTFSNYGMHWVRQAPGKGLEWVAVISYDGSNKYYADSVKGRFTISRDNSKNTLYLQMNSLRADDTAVYYCARGDKGYSDYWGQGTLVTVSSASTKGPSVFPLAPSSKSTSGGTAALGCLVKDYFPEPVTVSWNSGALTSGVHTFPAVLQSSGLYSLSSVVTVPSSSLGTQTYICNVNHKPSNTKVDKKVEPK | E5: DIQMTQSPSSLSASVGDRVTITCRASQSISTHLNWYQQKPGKAPKLLIYAASSLQSGVPSRFSGSGSGTDFTLTISSLQPEDFATYYCQQSYSTPWTFGQGTKVEIKRTVAAPSVFIFPPSDEQLKSGTASVVCLLNNFYPREAKVQWKVDNALQSGNSQESVTEQDSKDSTYSLSSTLTLSKADYEKHKVYACEVTHQGLSSPVTKSFNRGE
A6: ma-dpr9i | B6: peleke-phi-4 | C6: peleke-phi4_ma-dpr9i_02 | D6: EVQLVESGGGLIQPGGSLRLSCAASEFIVSRNYMSWVRQAPGKGLEWVGAISSIGSTAYAESVKGRFTISRDDAKNTLYLQMNSLKSEDTAMYYCARQGYDPAMDYWGQGTSVTVSS | E6: DIQMTQSPSSLSAAVGDRVTITCRASQSISTHLHWYQQKPGKAPKLLIYGASTLQSGVPSRFSGSGSGTEFTLTISSLQPDDFATYYCQQYSSYWTFGQGTKVEIKRT
A7: ma-dpr9i | B7: peleke-phi-4 | C7: peleke-phi4_ma-dpr9i_03 | D7: QMQLVESGGGVVQPGRSLRLSCAASAFTFSNIHWMSWVRQPPGKGLEWLALIWDGSNNYYADSVEGRFTISRDNAKDTLYLQMNSLRVEDTAIYYCAKFISTYDAWGQGVMVTVSSASTKGPSVFPLAPSGTAALGCLVKDYFPEPVTVSWNSGALTSGVHTFPAVLQSSGLYSLSSVVTVPSSSLGTQTYICNVNHKPSNTKVDKKVEPK | E7: DIQMTQSPSTLSASVGDRVTITCRASQSISRWLAWYQQKPGKAPKLLIYAASSLQSGVPSRFSGSGSGTEFTLTISNLQPEDFATYYCQHLIGYPFTFGQGTKLEIKRTVAAPSVFIFPPSDEQLKSGTASVVCLLNNFYPREAKVQWKVDNALQSGNSQESVTEQDSKDSTYSLSSTLTLSKADYEKHKVYACEVTHQGLSSPVTKSFNRGE
A8: PD-1 | B8: peleke-phi-4 | C8: peleke-phi4_PD-1_0a | D8: QVQLVQSGAEVKKPGASVKVSCKASGYTFTSYGISWVRQAPGQGLEWMGWISAYNGNTNYAQKFQGRVTMTTDTSTTTGYMELRRLRSDDTAVYYCARDRYYGSSYFDYWGQGTLVTVSS | E8: DIQMTQSPSTLSASVGDRVTITCRASQSIGAWLAWYQQKPGKAPKLLIYKASSLESGVPSRFSGSGSGTEFTLTISSLQPDDFATYYCQQYNSYSITFGQGTKVEIK
A9: BHRF1 | B9: peleke-phi-4 | C9: peleke-phi4_BHRF1_0a | D9: QVQLVQSGAEVKKPGASVKVSCKASGYTFTGYYFHWVRQAPGQGPEWVGWINGGNGDTSYAQKFQGRVTLTDDTSTSTAYMELSSLRSEDTAVYYCARETAYGWYFDYWGQGTLVTVSS | E9: DIQMTQSPSSLSASVGDRVTITCRASQDISDYLNWYQQKPGKAPKLLIYAASRLQSGVPSRFSGSGSGTDFTLTISSLQPEDFATYYCQQYNSYPLTFGQGTKVEIK
A10: MBP | B10: peleke-phi-4 | C10: peleke-phi4_MBP_0a | D10: VQLVQSGAEVKKPGSSVKVSCKASGGTFNSYAFSWVRQAPGQGLEWMGGIIPIVGTTNYAQKFQGRVTITADESTSTAYMELSSLRSEDTAVYYCARDISVDGALDYWGQGTLVTVS | E10: IVMTQSPLSLPVTLGQPASISCRSSQSLVHSNGNTYLEWYLQKPGQSPQLLIYKVSNRFSGVPDRFSGSGSGTDFTLKISRVEAEDVGVYYCFQGSHVPWTFGGGTKLEIK

Sheet experiments
A1: seq_id | B1: antigen | C1: h_chain | D1: l_chain | E1: a_chain
A2: =generated_seqs!C2 -> peleke-phi-4_BHRF1_01 | B2: =generated_seqs!A2 -> BHRF1 | C2: =generated_seqs!D2 -> QVQLVQSGAEVKKPGSSVKVSCKASGGTFNTGISWVRQAPGQGLEWMGGIIPIFTGKYAQKFQGRVTITADESTTTAYMELSSLRSEDTAVYYCARGGDYGDYWGQGTTVTVSS | D2: =generated_seqs!E2 -> DIVLTQSPATLSVTPGDSVSLSCRASQTISKNNLHWYQQKSHESPRLLIKYASQSISGIPSRFSGSGSGTDFTLSINSVETEDFGMYFCQQSNSWPYTFGGGTKLEIK | E2: =VLOOKUP(B2,test_cases!A:H,7,FALSE) -> MGSHHHHHHSQDPMAYSTREILLALCIRDSRVHGNGTLHPVLELAARETPLRLSPEDTVVLRYHVLLEEIIERNSETFTETWNRFITHTEHVDLDFNSVFLEIFHRGDPSLGRALAWMAWCMHACRTLCCNQSTPYYVVDLSVRGMLEASEGLDGWIHQQGGWSTLIEDNIPG
A3: =generated_seqs!C3 -> peleke-phi-4_BHRF1_02 | B3: =generated_seqs!A3 -> BHRF1 | C3: =generated_seqs!D3 -> EVQLEESGGGLVQPGGSLRLSCAASGFNVVDFSLHWVRQAPGKGLEWVARIYDGGNKYYADSVKGRFTISADTSKNTAYLQMNSLRAEDTAVYYCARVWYPYDSSGYALDYWGQGTLVTVSS | D3: =generated_seqs!E3 -> DIQMTQTTSSLSASLGDRVTISCRASQDISNYLNWYQQKPDGTVKLLIYYTSRLHSGVPSRFSGSGSGTDYSLTISNLEQEDIATYFCQQGNTLPPTFGGGTKLEI | E3: =VLOOKUP(B3,test_cases!A:H,7,FALSE) -> MGSHHHHHHSQDPMAYSTREILLALCIRDSRVHGNGTLHPVLELAARETPLRLSPEDTVVLRYHVLLEEIIERNSETFTETWNRFITHTEHVDLDFNSVFLEIFHRGDPSLGRALAWMAWCMHACRTLCCNQSTPYYVVDLSVRGMLEASEGLDGWIHQQGGWSTLIEDNIPG
A4: =generated_seqs!C4 -> peleke-phi-4_BHRF1_03 | B4: =generated_seqs!A4 -> BHRF1 | C4: =generated_seqs!D4 -> QVQLQESGPGLVKPSQTLSLTCTVSGGSISSSYWSWIRQPPGKGLEWIGYIYYSGSTNYNPSLKSRVTISVDTSKNQFSLNLTAADTAVYYCARGLGVRWLDYWGQGTLVTVSS | D4: =generated_seqs!E4 -> DIVMTQSPLSLPVTLGQPASISCRSSQNGNTYLHWYQQKPGQSPRLLIYQASTRIPGIPARFSGSGSGTDFTLSINSVETEDFGMYFCQQSNSWPYTFGGGTKLEIK | E4: =VLOOKUP(B4,test_cases!A:H,7,FALSE) -> MGSHHHHHHSQDPMAYSTREILLALCIRDSRVHGNGTLHPVLELAARETPLRLSPEDTVVLRYHVLLEEIIERNSETFTETWNRFITHTEHVDLDFNSVFLEIFHRGDPSLGRALAWMAWCMHACRTLCCNQSTPYYVVDLSVRGMLEASEGLDGWIHQQGGWSTLIEDNIPG
A5: =generated_seqs!C5 -> peleke-phi-4_BHRF1_04 | B5: =generated_seqs!A5 -> BHRF1 | C5: =generated_seqs!D5 -> SVEESGGRLVTPGTPLTLTCTVSGFSLSTSGVHWIRQAPGKGLEWLIAIWDKDNTYYALAWKSSWSSTRTTLTADGVRTTLDLTADTATFYCARGGSSFYDPWGQGTLVTVSS | D5: =generated_seqs!E5 -> QAVLTQSSSASFSLGQSVTISCTGTSNIGAGYTYVSWYQQHPGKAPKLMIYEVNKRPSGVSNRFSGSKSGDTASLTISGLQADDEADYYCAGSYSTYVVFGGGTKLTVL | E5: =VLOOKUP(B5,test_cases!A:H,7,FALSE) -> MGSHHHHHHSQDPMAYSTREILLALCIRDSRVHGNGTLHPVLELAARETPLRLSPEDTVVLRYHVLLEEIIERNSETFTETWNRFITHTEHVDLDFNSVFLEIFHRGDPSLGRALAWMAWCMHACRTLCCNQSTPYYVVDLSVRGMLEASEGLDGWIHQQGGWSTLIEDNIPG
A6: =generated_seqs!C6 -> peleke-phi-4_BHRF1_05 | B6: =generated_seqs!A6 -> BHRF1 | C6: =generated_seqs!D6 -> EVQLVESGGGLVQPGGSLRLSCAASGFTFSDTYIHWVRQAPGKGLEWVSYINGYDGSYPYADSVKGRFTISADTSKNTAYLQMNSLRAEDTAVYYCARGGSRGYYGDFDYWGQGTLVTVSS | D6: =generated_seqs!E6 -> DIQMTQSPASLSASVGDRVTITCRASQSVSSAVAWYQQKPGKAPKLLIYSASSLYSGVPSRFSGSRSGTDFTLTISSLQPEDFATYYCQQAYRYPITFGQGTKVEIK | E6: =VLOOKUP(B6,test_cases!A:H,7,FALSE) -> MGSHHHHHHSQDPMAYSTREILLALCIRDSRVHGNGTLHPVLELAARETPLRLSPEDTVVLRYHVLLEEIIERNSETFTETWNRFITHTEHVDLDFNSVFLEIFHRGDPSLGRALAWMAWCMHACRTLCCNQSTPYYVVDLSVRGMLEASEGLDGWIHQQGGWSTLIEDNIPG
A7: =generated_seqs!C7 -> peleke-phi-4_BHRF1_06 | B7: =generated_seqs!A7 -> BHRF1 | C7: =generated_seqs!D7 -> VQLVQSGAEVKKPGASVKVSCKTSGYTFTGYYMHWVRQAPGQGLEWMGIINPRGSGTAYAQKFRGRVTMTRDTSINTAYMELSSLRSEDTAVYYCARGGLPYYGHWGQRVTVSS | D7: =generated_seqs!E7 -> DIQMTQSPSSLSASVGDRVTITCRASQGIRKYLNWYQQKPGKAPKLLIYAASSLLSGVPSRFSGSGSGTDFTLTISSLQPEDFATYYCQQYIYPITFGQGTKVEIK | E7: =VLOOKUP(B7,test_cases!A:H,7,FALSE) -> MGSHHHHHHSQDPMAYSTREILLALCIRDSRVHGNGTLHPVLELAARETPLRLSPEDTVVLRYHVLLEEIIERNSETFTETWNRFITHTEHVDLDFNSVFLEIFHRGDPSLGRALAWMAWCMHACRTLCCNQSTPYYVVDLSVRGMLEASEGLDGWIHQQGGWSTLIEDNIPG
A8: =generated_seqs!C8 -> peleke-phi-4_BHRF1_07 | B8: =generated_seqs!A8 -> BHRF1 | C8: =generated_seqs!D8 -> VQLVQSGAEVKRPGSSVKVSCKTSGYRFTSYYWIGWVRQMPGQGLEWMGIIPIAGGTNYAQKFQGKVTMTSDTSTNTAYMELSRLRSDDTAVYYCARHYYDYYGLDYWGQGTLVTVSS | D8: =generated_seqs!E8 -> DIVLTQSPSSLSASVGDRVTITCQASQDISNYLNWYQQKPGKAPKLLIYAASSLQSGVPSRFSGSGSGTDFTLTISSLQPEDFATYYCQQSYSTPRTFGQGTRLEIK | E8: =VLOOKUP(B8,test_cases!A:H,7,FALSE) -> MGSHHHHHHSQDPMAYSTREILLALCIRDSRVHGNGTLHPVLELAARETPLRLSPEDTVVLRYHVLLEEIIERNSETFTETWNRFITHTEHVDLDFNSVFLEIFHRGDPSLGRALAWMAWCMHACRTLCCNQSTPYYVVDLSVRGMLEASEGLDGWIHQQGGWSTLIEDNIPG
A9: =generated_seqs!C9 -> peleke-phi-4_BHRF1_08 | B9: =generated_seqs!A9 -> BHRF1 | C9: =generated_seqs!D9 -> QVQLQQSGAELVKPGASVKLSCTASGFNIKDTYVHWVKQRPEQGLEWIGRIDPANGNTKYAPKFQDKATITADTSSNTAYLQLSSLTSEDTAVYYCARRSGYYGDYWGQGTSVTVSS | D9: =generated_seqs!E9 -> DIQMTQSPSSLSASVGDRVTITCRASQGIRNDLGWYQQKPGKAPKLLIYAASSLQSGVPSRFSGSGSGTDFTLTISSLQPEDFATYYCQQSYSTPRFGGGTKVEIK | E9: =VLOOKUP(B9,test_cases!A:H,7,FALSE) -> MGSHHHHHHSQDPMAYSTREILLALCIRDSRVHGNGTLHPVLELAARETPLRLSPEDTVVLRYHVLLEEIIERNSETFTETWNRFITHTEHVDLDFNSVFLEIFHRGDPSLGRALAWMAWCMHACRTLCCNQSTPYYVVDLSVRGMLEASEGLDGWIHQQGGWSTLIEDNIPG
A10: =generated_seqs!C10 -> peleke-phi-4_BHRF1_09 | B10: =generated_seqs!A10 -> BHRF1 | C10: =generated_seqs!D10 -> QVQLVQSGAEVRKPGASVKVSCKASGYTFSDYGITWVRQAPGQGLEWMGWISDNTDNYAQRFQGRVTMTRDTSTSTVYMELSSLRSDDTAVYYCARDVVVSVWVFFDYWGQGTLVTVSS | D10: =generated_seqs!E10 -> EIVLTQSPGTLSLSPGERATLSCRASQSVSSSYLAWYQQKPGQAPRLLIYGASSRATGIPDRFSGSGSGTDFTLTISRLEPEDFAVYYCQQYGTSPFTFGPGTKV | E10: =VLOOKUP(B10,test_cases!A:H,7,FALSE) -> MGSHHHHHHSQDPMAYSTREILLALCIRDSRVHGNGTLHPVLELAARETPLRLSPEDTVVLRYHVLLEEIIERNSETFTETWNRFITHTEHVDLDFNSVFLEIFHRGDPSLGRALAWMAWCMHACRTLCCNQSTPYYVVDLSVRGMLEASEGLDGWIHQQGGWSTLIEDNIPG
A11: =generated_seqs!C11 -> peleke-phi-4_BHRF1_10 | B11: =generated_seqs!A11 -> BHRF1 | C11: =generated_seqs!D11 -> EVQLVESGGGLVQPGGSLRLSCAASGFNVSYSSIHWVRQAPGKGLEWVASIYSYSGYTSYADSVKGRFTISADTSKNTAYLQMNSLRAEDTAVYYCARSYWYYYGWFDPWGQGTLVTVSS | D11: =generated_seqs!E11 -> DIQMTQSPSSLSASVGDRVTITCRASQSVSSAVAWYQQKPGKAPKLLIYSASSLYSGVPSRFSGSRSGTDFTLTISSLQPEDFATYYCQQYSSYPLTFGQGTKVEIK | E11: =VLOOKUP(B11,test_cases!A:H,7,FALSE) -> MGSHHHHHHSQDPMAYSTREILLALCIRDSRVHGNGTLHPVLELAARETPLRLSPEDTVVLRYHVLLEEIIERNSETFTETWNRFITHTEHVDLDFNSVFLEIFHRGDPSLGRALAWMAWCMHACRTLCCNQSTPYYVVDLSVRGMLEASEGLDGWIHQQGGWSTLIEDNIPG
A12: =generated_seqs!C12 -> peleke-phi-4_BHRF1_11 | B12: =generated_seqs!A12 -> BHRF1 | C12: =generated_seqs!D12 -> VQLVQSGAEVKKPGASVKVSCKASGYTFTGYYMHWVRQAPGQGLEWMGRINPNSGGTNYAQSFQGRVTMTRDTSISTAYMELSRLRSDDTAVYYCARLGGDYFDYWGQGTLVTVSS | D12: =generated_seqs!E12 -> EIVLTQSPATLSLSPGERATLSCRASQSVSSYLAWYQQKPGQAPRLLIYDASNRATGIPARFSGSGSGTDFTLTISSLEPEDFAVYYCQQRSNWPLTFGGGTKVEIK | E12: =VLOOKUP(B12,test_cases!A:H,7,FALSE) -> MGSHHHHHHSQDPMAYSTREILLALCIRDSRVHGNGTLHPVLELAARETPLRLSPEDTVVLRYHVLLEEIIERNSETFTETWNRFITHTEHVDLDFNSVFLEIFHRGDPSLGRALAWMAWCMHACRTLCCNQSTPYYVVDLSVRGMLEASEGLDGWIHQQGGWSTLIEDNIPG
A13: =generated_seqs!C13 -> peleke-phi-4_BHRF1_12 | B13: =generated_seqs!A13 -> BHRF1 | C13: =generated_seqs!D13 -> VQLVESGGGLVQPGGSLRLSCAASGFTFSSYAMSWVRQAPGKGLEWVSAISGSGGSTYYADSVKGRFTISRDNSKNTLYLQMNSLRAEDTAVYYCARQGLGAPYGFDSWGQGTLVTVSS | D13: =generated_seqs!E13 -> DIQMTQSPSSLSASVGDRVTITCRASQDVSTAVAWYQQKPGKAPKLLIYSASSLYSGVPSRFSGSRSGTDFTLTISSLQPEDFATYYCQQYKYVPVTFGQGTKVEIK | E13: =VLOOKUP(B13,test_cases!A:H,7,FALSE) -> MGSHHHHHHSQDPMAYSTREILLALCIRDSRVHGNGTLHPVLELAARETPLRLSPEDTVVLRYHVLLEEIIERNSETFTETWNRFITHTEHVDLDFNSVFLEIFHRGDPSLGRALAWMAWCMHACRTLCCNQSTPYYVVDLSVRGMLEASEGLDGWIHQQGGWSTLIEDNIPG
... A1051: =generated_seqs!C1051 -> peleke-mistral-7b-instruct-v0.2_PD-1_50 | B1051: =generated_seqs!A1051 -> PD-1 | C1051: =generated_seqs!D1051 -> VQLQQSGPGLVKPSQTLSLTCAISGDSVSSDYYWWIRQQPPGKGLEWIGYISYYSGSTNYNPSLKSRVTMSVDTSKNQFSLKLSSVTAADTAVYYCARVSYYGYGYWYFDVWGKGTTVTVSS | D1051: =generated_seqs!E1051 -> EIVMTQSPSSLSASVGDRVTITCRASQGISSDLAWYQQKPGKAPKLLIYAASNLQSGVPSRFSGSGSGTDFTLTISSLQPEDFATYYCQQLNSYPFTFGPGTKVDIK | E1051: =VLOOKUP(B1051,test_cases!A:H,7,FALSE) -> NPPTFSPALLVVTEGDNATFTCSFSNTSESFVLNWYRMSPSNQTDKLAAFPEDRSQPGQDSRFRVTQLPNGRDFHMSVVRARRNDSGTYLCGAISLAPKAQIKESLRAELRVTE
